Type,Diam_cm,Material,X,Y,Z
0,0.0,0,633854.1432050908,3475459.3823947036,0.0
0,0.0,0,633853.8896991125,3475352.623471598,0.0
0,0.0,0,633857.6191845553,3475299.273361021,0.0
0,0.0,0,633903.7053820386,3475298.0151025066,0.0
0,0.0,0,633894.7099938222,3475277.082001958,0.0
0,0.0,0,633900.7063870183,3475323.9408118413,0.0
0,0.0,0,633900.4257340357,3475343.565276937,0.0
0,0.0,0,633900.4590329767,3475342.506400728,0.0
0,0.0,0,633899.5858406227,3475353.829118861,0.0
1,51.0,1,633894.5749624206,3475356.9276072723,0.0
2,0.0,0,633897.3209365426,3475358.4957246394,0.0
0,0.0,0,633897.8193959433,3475368.7134577343,0.0
0,0.0,0,633897.322536799,3475369.117993498,0.0
0,0.0,0,633898.0386379177,3475393.0766596105,0.0
0,0.0,0,633895.8741396839,3475403.4011737527,0.0
0,0.0,0,633884.5202865691,3475416.548166578,0.0
0,0.0,0,633855.0028418599,3475445.466126456,0.0
0,0.0,0,633848.8954897709,3475457.5683951727,0.0
0,0.0,0,633945.185510481,3475351.491842423,0.0
0,0.0,0,633956.1106380941,3475408.935112756,0.0
0,0.0,0,633958.6416237671,3475412.1598104066,0.0
0,0.0,0,633958.8091299845,3475408.488165807,0.0
0,0.0,0,633953.355325762,3475348.553038982,0.0
0,0.0,0,633953.6702399722,3475347.5690049753,0.0
0,0.0,0,633951.6670217749,3475348.598041062,0.0
0,0.0,0,633964.6030294577,3475356.440270291,0.0
0,0.0,0,633960.7800417859,3475359.4606219055,0.0
0,0.0,0,633964.2602739928,3475337.8858367545,0.0
0,0.0,0,633954.7830622533,3475340.1073702346,0.0
0,0.0,0,633945.179804722,3475351.870370821,0.0
0,0.0,0,633936.890967404,3475339.7090636618,0.0
0,0.0,0,633933.3013775843,3475348.2860682127,0.0
0,0.0,0,633968.7162372759,3475326.3025095756,0.0
0,0.0,0,633996.3992260521,3475307.3394879587,0.0
0,0.0,0,633908.5711812885,3475453.7083823727,-1.96480000000156
0,65.0,2,633858.5997796578,3475604.305997126,0.0
0,56.0,2,633858.5059144972,3475609.686515887,0.0
0,0.0,2,633854.2594044084,3475597.5407113335,0.0
0,50.0,2,633860.0946020207,3475655.335616001,0.0
0,70.0,2,633851.9251325235,3475659.6417915393,0.0
0,54.0,2,633854.9203584413,3475705.8734289855,0.0
3,60.0,1,633953.1028798032,3475348.128870248,-2.8282000000035623
4,100.0,3,633956.9248164974,3475350.875077005,-3.3276000000041677
5,90.0,3,633955.3562569917,3475354.7730804235,-3.414199999999255
6,60.0,1,633949.2531834503,3475344.709257564,-3.116200000004028
7,100.0,2,633700.8562888597,3475707.7373983045,0.0
7,120.0,2,633704.3953162392,3475706.4396023676,0.0
7,80.0,2,633706.6225946867,3475706.6306209373,0.0
7,110.0,2,633704.524552853,3475710.9989344757,0.0
0,70.0,2,633707.2406296926,3475603.6297966847,0.0
0,59.0,2,633707.5374203578,3475504.930020913,0.0
0,59.0,2,633708.2464070657,3475504.6753334682,0.0
7,76.0,2,633713.9107680274,3475503.660559082,0.0
2,60.0,4,633716.117108623,3475434.3017841876,0.0
0,48.0,2,633723.1950560538,3475436.956005858,0.0
0,63.0,2,633718.6637912218,3475431.478223903,0.0
0,0.0,2,633717.5628616815,3475430.2936615865,0.0
0,63.0,2,633718.2045807649,3475436.978765531,0.0
7,88.0,2,633711.814940808,3475365.687369742,0.0
0,76.0,2,633711.5994404812,3475359.0434608827,0.0
0,74.0,2,633715.657494419,3475356.391625551,0.0
0,78.0,2,633716.3763774692,3475355.0838807886,0.0
0,0.0,2,633717.544989986,3475359.397746305,0.0
0,59.0,2,633718.5728533479,3475359.977949122,0.0
0,89.0,2,633707.4422864437,3475355.734424706,0.0
0,76.0,2,633702.9495772652,3475353.388679304,0.0
7,100.0,2,633691.4890912882,3475361.138703087,0.0
0,48.0,2,633705.7536789665,3475348.105439479,0.0
0,69.0,2,633707.2911730761,3475301.701572367,0.0
0,68.0,2,633708.7747795483,3475300.871459851,0.0
0,46.0,2,633591.790697488,3475692.2678820835,0.0
0,41.0,2,633602.59431116,3475703.8060737806,0.0
0,66.0,2,633607.4443297535,3475706.1604395485,0.0
0,53.0,2,633509.7334953132,3475708.6445563245,0.0
8,53.0,2,633500.4300167728,3475712.3994578393,0.0
0,55.0,2,633501.1774900698,3475710.3342553107,0.0
0,70.0,2,633500.7945510733,3475713.0164512894,0.0
0,68.0,2,633492.767671624,3475599.584617883,0.0
0,47.0,2,633491.2489944171,3475594.5592041546,0.0
0,57.0,2,633503.2011094467,3475504.755144094,0.0
0,55.0,2,633430.2044230218,3475575.2903485927,0.0
0,61.0,2,633509.5887667197,3475507.538001319,0.0
0,54.0,2,633510.6609194707,3475509.5720056086,0.0
9,73.0,2,633503.5977574759,3475346.724057,-3.0108999999938533
6,70.0,1,633409.3720472935,3475308.662753464,-3.6586999999999534
10,51.0,1,633408.3860707039,3475306.1045067282,-3.930399999997462
6,58.0,1,634094.4874810767,3475456.464818885,-10.142200000002049
3,90.0,0,634208.4532383069,3475603.796288288,-6.26249999999709
3,130.0,0,634205.2992185873,3475603.5604494032,-4.8836000000010245
11,51.0,1,634197.5150254772,3475692.391734046,-5.351599999994505
11,58.0,1,634195.0466166637,3475692.094068695,-4.449299999992945
3,0.0,0,634207.7952294792,3475799.564879063,-2.607300000003306
12,85.0,1,634201.4690181417,3475883.38863587,-4.112599999993108
6,64.0,1,634201.8112360877,3475896.665953677,-4.540500000002794
6,50.0,1,634204.7484224427,3475897.902835437,-4.434500000003027
6,60.0,1,634204.9398314103,3475896.094574554,-4.112999999997555
6,75.0,1,634207.0260461302,3475899.3046427593,-4.018400000000838
6,60.0,5,634201.680894224,3475905.7101378664,-4.395799999998417
11,60.0,1,634202.2205195817,3476002.969926154,-3.6618000000016764
6,70.0,0,634203.6394335851,3476004.060139493,-4.7510999999940395
6,60.0,1,634209.3544543157,3476023.7355609797,-4.937000000005355
6,51.0,1,634174.4988452077,3475391.915733087,-1.6002000000007683
11,63.0,1,633988.1925665069,3476211.71365184,-3.4855999999999767
6,67.0,1,634006.5247801429,3476204.365628076,-3.0099000000045635
6,58.0,1,634002.5789735746,3476213.594000043,-2.6018000000040047
6,60.0,1,634102.5149621107,3476208.68613122,-2.582299999994575
6,60.0,1,634103.7325738407,3476202.6735186223,-3.3558000000048196
9,48.0,1,634121.0562081032,3476194.6569942385,-2.6389000000053784
9,60.0,1,634203.2913031355,3476199.4434849685,-2.749599999995553
6,58.0,1,634209.4005939247,3476205.464959595,-2.9924000000028173
3,70.0,0,634309.1299400151,3476296.0817921003,-3.0970999999990454
3,80.0,0,634307.3535398005,3476306.9240514394,-3.8533000000024913
13,0.0,0,633865.9395509346,3475412.9321569516,0.0503000000026077
9,70.0,1,632852.4038256141,3476871.375639048,-5.1137000000017
9,70.0,1,632848.0012293068,3476898.184892488,-3.634300000005169
11,50.0,1,632858.1695057667,3476895.6665448365,-4.6732000000047265
14,0.84,1,633775.0393152229,3475564.6255079494,1.399600000004284
15,0.77,1,633772.3431830155,3475563.370722117,-1.2329999999928987
16,127.0,1,633771.7349445127,3475587.6637868504,-2.1217000000033295
16,67.0,1,633800.8141927747,3475564.908238501,-0.5751000000018394
16,75.0,1,633774.4277763831,3475563.42018808,-1.231100000004517
17,167.0,1,633767.6023954605,3475529.3388158693,-1.8099999999976717
14,101.0,1,633790.0336439931,3475523.1775368825,-1.2265000000043074
17,251.0,1,633788.7452086656,3475517.3583524437,-0.1708000000071479
18,89.0,1,633787.7039068381,3475487.471654543,-0.7183999999979278
18,124.0,1,633795.2647069738,3475491.150753321,-0.6294999999954598
18,77.0,1,633805.3524932927,3475544.7056219866,-0.10439999999653082
19,145.0,6,633811.7234696012,3475553.6667379676,-1.273300000000745
14,57.0,1,633809.9088343646,3475581.064245599,-0.10869999999704305
16,99.0,1,633835.3853794185,3475578.220317527,0.522899999996298
14,48.0,1,633840.4991051685,3475585.9027236477,-0.9379000000044471
18,106.0,1,633842.3687626859,3475588.194572473,-1.0350000000034925
16,107.0,1,633854.8165260177,3475571.3850660184,-0.6940000000031432
20,127.0,1,633859.0802687514,3475566.362754508,-0.5815000000002328
14,63.0,1,633878.986631098,3475560.154641745,-0.4412000000011176
18,124.0,1,633893.521835275,3475534.96663021,-0.35420000000158325
14,65.0,1,633837.1193413722,3475473.3511248333,-0.24199999999837019
14,57.0,1,633853.508593133,3475461.1389858583,-0.2958000000071479
18,100.0,1,633891.0258063928,3475378.0465521,-1.8046999999933178
14,56.0,1,633887.0582440975,3475378.2524282,-2.3502000000007683
14,80.0,1,633879.8005554075,3475381.5335316644,-2.3614999999990687
14,55.0,1,633861.6479644524,3475387.8738852143,-1.595499999995809
14,55.0,1,633856.826871552,3475391.069248515,-1.9422000000049593
14,57.0,1,633850.6809831872,3475399.9955769675,-1.7341000000014901
17,122.0,1,633849.6492533584,3475436.6987238238,-0.9349999999976717
14,90.0,1,633840.767570041,3475458.3656524643,-0.7709999999933643
14,71.0,1,633843.0610113215,3475459.6374101914,-0.8896999999997206
16,89.0,1,633838.2827779888,3475497.519105038,1.3182999999989988
14,78.0,1,633749.3759941221,3475505.526454026,0.8675999999977648
18,81.0,1,633741.9942455566,3475495.4119412974,0.03590000000258442
16,95.0,1,633764.1805380229,3475499.5830180356,1.382500000006985
16,96.0,1,633767.0193221105,3475497.4824223765,1.115300000004936
16,90.0,1,633803.3779281107,3475501.1657046895,2.103099999992992
14,59.0,1,633793.7798971643,3475492.2230759575,1.9661999999952968
14,79.0,1,633787.3624000174,3475482.0274452176,2.2630999999964843
14,78.0,1,633787.3628230164,3475480.046151354,0.7397999999957392
14,119.0,1,633779.7470204988,3475487.4419561853,-0.010500000003958121
14,78.0,1,633768.8715143369,3475481.4625434894,1.0292000000044936
18,84.0,1,633760.5129888541,3475479.390488749,0.08409999999275897
16,86.0,1,633743.8312519414,3475481.6635266133,-1.454199999992852
14,82.0,1,633741.9575536358,3475480.024604227,-1.278200000000652
14,53.0,1,633744.842975379,3475475.2076929915,-0.6462999999930616
18,88.0,1,633756.5916944344,3475477.353048134,-1.356100000004517
16,81.0,1,633757.1078056853,3475474.9496916826,-1.8221000000048662
14,63.0,1,633765.9293011639,3475473.531983514,-1.1569000000017695
16,58.0,1,633782.5475641766,3475479.7550017075,-1.0869999999995343
21,99.0,1,633793.6697454596,3475472.3314931514,-1.465700000000652
16,120.0,1,633802.8508702174,3475479.2324189376,-0.21719999999913853
16,86.0,1,633810.7591054108,3475481.0342176165,-0.9462000000057742
16,92.0,1,633826.2153657189,3475483.0697026076,-0.172099999996135
22,95.0,1,633898.4466942757,3475540.548256869,-0.6704000000027008
18,80.0,1,633882.733447069,3475524.5360451867,-0.5081000000063796
22,105.0,1,633912.7060943554,3475550.7998560346,-0.2768999999971129
22,94.0,1,633877.593181679,3475494.4485016773,0.7042999999976018
14,82.0,1,633941.9092053632,3475544.5579021447,-1.1897999999928288
23,145.0,1,633901.7221474051,3475500.7037499137,-0.4851000000053318
23,102.0,6,633874.1567221337,3475486.752308206,1.8144999999931315
18,90.0,1,633880.9289654491,3475482.3395139,1.9483999999938533
14,52.0,1,633911.9607089071,3475500.5819817414,0.15200000000186265
16,83.0,1,633910.1754588666,3475475.1712892517,1.1695000000036089
22,83.0,6,633904.5806482701,3475473.994832727,1.8554000000003725
14,68.0,1,633902.6161441111,3475475.5245944723,1.5353000000031898
14,67.0,1,633850.255896394,3475488.68406712,0.027300000001559965
14,42.0,1,633855.9111899748,3475483.8179191686,-0.24510000000009313
16,45.0,1,633872.3859617545,3475473.8322582874,-0.10400000000663567
14,51.0,1,633876.7281273436,3475474.7871160223,2.2203000000008615
14,86.0,1,633901.5086715895,3475491.8052776344,0.4541999999928521
14,76.0,1,633944.5921866469,3475498.102742524,-0.024300000004586764
22,57.0,1,633921.5364810205,3475471.8810272412,-0.6325999999971827
18,66.0,1,633917.5656019326,3475469.6688043643,0.45979999999690335
14,60.0,1,633875.6428511934,3475452.052355177,0.5192999999999302
18,69.0,1,633879.0881199018,3475448.933746513,0.4723999999987427
14,53.0,1,633909.3025588813,3475472.8118500183,1.071700000000419
22,0.0,1,633927.808651404,3475459.1682326957,0.610899999999674
14,60.0,1,633934.6505376651,3475461.148226698,0.28079999999317806
16,49.0,1,633940.013804699,3475455.5983515824,-0.22650000000430737
14,62.0,1,633903.461656332,3475444.6764127547,0.9557000000058906
16,67.0,1,633887.7797349016,3475439.708924195,1.9226000000053318
16,77.0,1,633912.2108814198,3475435.883983315,1.748200000001816
14,52.0,1,633930.4425695969,3475431.439711581,0.5822000000043772
14,56.0,1,633940.4159924188,3475440.407052582,0.9798000000009779
16,95.0,1,633748.897189893,3475586.522556284,-0.9235999999946216
14,86.0,1,633774.2189369635,3475586.092644095,-0.5252000000036787
16,68.0,1,633784.8879930698,3475586.678458822,-0.608699999997043
16,67.0,1,633786.4163298509,3475583.12595899,-0.47969999999622814
16,0.0,1,633800.8444096586,3475573.9893422252,-0.3867000000027474
14,84.0,1,633783.8403592147,3475572.1188804414,-0.4177999999956228
16,0.0,1,633765.7218302017,3475572.719346567,-0.8435000000026776
16,142.0,1,633770.520648147,3475551.797816379,-0.5231999999959953
16,86.0,1,633818.4430732965,3475575.0242389464,-0.010800000003655441
16,98.0,1,633845.6331660013,3475592.156952516,-0.6377000000065891
14,98.0,1,633842.8095638125,3475587.324116728,-0.24869999999646097
14,71.0,1,633839.7400010311,3475542.498888819,0.8852000000042608
18,74.0,1,633851.3358157453,3475576.954101052,-0.37639999999373686
16,76.0,1,633847.9919101454,3475575.650623824,-0.373699999996461
16,103.0,1,633839.6279244203,3475569.0765531776,0.4165999999968335
16,80.0,1,633743.7874358055,3475541.1368640778,-0.8681999999971595
23,189.0,1,633765.8313870714,3475543.1141908206,-0.7823999999964144
18,93.0,1,633793.3373854908,3475545.066208568,-0.42740000000048894
18,75.0,1,633805.5264687799,3475543.6466125106,-0.49069999999483116
14,59.0,1,633849.8875824176,3475557.7125333226,-0.4802999999956228
14,65.0,1,633859.2241658533,3475577.09450074,-1.0709999999962747
16,58.0,1,633891.9130771137,3475578.6657268037,-1.6833000000042375
23,90.0,1,633784.4240947433,3475509.8627058207,-0.4798000000009779
14,65.0,1,633780.9570155828,3475509.0707341484,-0.5541999999986729
16,48.0,1,633796.5201163146,3475499.636192099,-0.22220000000379514
14,65.0,1,633835.8041555862,3475497.72145455,0.8849000000045635
18,86.0,1,633836.2657152272,3475459.2007690156,-0.012499999997089617
14,60.0,1,633833.7727895356,3475451.641687006,-0.11560000000463333
18,66.0,1,633830.4018994226,3475447.159301406,-0.17149999999674037
14,59.0,1,633828.8573722661,3475446.0971450903,-0.27479999999923166
14,65.0,1,633827.8910082523,3475445.998492889,-0.13760000000183936
14,45.0,1,633833.1083797615,3475433.807875398,-0.4327000000048429
14,40.0,1,633832.769457294,3475433.4660775396,-0.44839999999385327
18,71.0,1,633840.349859032,3475431.5215834677,-0.1389000000053784
14,54.0,1,633839.938745339,3475421.663149017,0.12679999999818392
16,0.0,1,633838.4010490149,3475417.626261609,-0.1444000000046799
16,89.0,1,633843.589224007,3475418.3617585213,0.033100000000558794
16,82.0,1,633845.2218388111,3475418.402133784,-0.11239999999816064
14,57.0,1,633849.7676455631,3475412.4295468503,-0.05929999999352731
18,65.0,1,633838.5983046386,3475408.1067738705,-0.2731000000057975
14,60.0,1,633836.171665929,3475408.10357699,-0.461699999999837
14,53.0,1,633834.3867049393,3475406.138844933,-0.5838999999978114
18,69.0,1,633841.8250778033,3475397.010865618,-0.7307000000000698
16,46.0,1,633839.7489168859,3475390.170839661,-0.667700000005425
14,64.0,1,633841.4593764558,3475391.3432507194,-0.6692999999941094
14,40.0,1,633839.4339095547,3475386.9611158883,-0.3436999999976251
14,94.0,1,633840.4466729213,3475385.6715967297,-0.36819999999715947
14,79.0,1,633844.7288144294,3475408.376713513,0.2725999999966007
16,71.0,1,633844.4267908571,3475413.730780288,0.7005000000062864
16,81.0,1,633841.8684751557,3475414.104749629,0.3070000000006985
16,75.0,1,633853.5116199247,3475411.5658534262,-0.10659999999916181
16,120.0,1,633848.6691081012,3475429.432874043,1.1042000000015832
18,74.0,1,633848.745992285,3475432.0733379377,0.15180000000691507
16,114.0,1,633850.0896569875,3475434.9861368826,1.3549000000057276
16,104.0,1,633849.6406750707,3475441.083178866,0.7143999999971129
16,81.0,1,633837.9936648875,3475430.453704251,0.4664000000047963
16,85.0,1,633839.5689980622,3475452.9945148327,0.549299999998766
16,79.0,1,633846.0217206619,3475472.2954358133,1.114900000000489
16,109.0,1,633851.3801827081,3475476.0261052023,1.0844000000070082
16,87.0,1,633823.8737936617,3475489.8056614753,1.2219000000040978
14,67.0,1,633814.9314043513,3475513.472308815,0.8977000000013504
18,70.0,1,633905.9315541569,3475432.4700864023,0.034299999999348074
16,87.0,1,633929.2710705816,3475398.844679433,-0.7819000000017695
16,86.0,1,633928.9886922437,3475403.948841626,-0.8451000000059139
14,54.0,1,633939.0366735542,3475395.9375518197,-1.2133000000030734
16,104.0,1,633942.7291205097,3475395.1898508477,-1.2271999999938998
14,64.0,1,633944.4621182467,3475396.1890782523,-1.1242000000056578
16,71.0,1,633956.0917883613,3475407.4868597034,-1.3944999999948777
16,94.0,1,633958.1950264344,3475410.749000782,-1.471799999999348
16,83.0,1,633962.4241485891,3475431.5188888893,-1.1932999999989988
16,94.0,1,633925.1655019294,3475432.749029133,-0.8818000000028405
14,51.0,1,633923.4884241472,3475433.4055122677,-0.7516000000032363
16,56.0,1,633924.2897885299,3475434.1817342155,-0.919899999993504
16,70.0,1,633920.2462882755,3475430.9230488013,-0.7894999999989523
14,53.0,1,633920.0307543701,3475408.261380681,-1.0307000000029802
14,56.0,1,633924.0171245036,3475407.386962604,-1.327000000004773
14,54.0,1,633926.0032901716,3475405.921138261,-1.4725000000034925
16,102.0,1,633929.1908250622,3475399.514063378,-1.4609999999956926
16,70.0,1,633920.2335764472,3475387.7214122363,-0.7701999999990221
14,70.0,1,633899.7364480041,3475357.641627107,-1.555500000002212
16,55.0,1,633900.3395191669,3475354.3543158732,-1.662400000001071
14,87.0,1,633901.6438028608,3475351.8869975647,-1.8267000000050757
14,41.0,1,633899.4604902277,3475351.2521052677,-1.9364000000059605
14,73.0,1,633895.4666530536,3475353.1479185624,-2.073000000003958
14,90.0,1,633900.2595913593,3475361.8058872935,-1.6542000000044936
16,101.0,1,633899.546405366,3475400.461334013,-0.463900000002468
14,64.0,1,633898.6561745908,3475407.6872653165,-0.5510999999969499
16,64.0,1,633899.4544426564,3475415.5255052256,-1.1802000000025146
18,74.0,1,633890.9635487564,3475425.5558410487,-1.4474000000045635
14,59.0,1,633899.7427001991,3475439.681399224,-0.6146000000007916
14,62.0,1,633901.8507085263,3475441.158710856,-0.5672999999951571
14,61.0,1,633902.6455001434,3475445.0745588522,-0.4529999999940628
16,74.0,1,633925.1125951151,3475426.5527288825,-1.8190000000031432
14,88.0,1,633926.6036389386,3475419.2036082507,-1.8211000000010245
16,86.0,1,633930.61191901,3475415.0330097694,-1.87149999999383
18,60.0,1,633934.0452224188,3475415.016404341,-1.8368000000045868
16,68.0,1,633934.9622151761,3475417.174628816,-1.9790000000066357
14,58.0,1,633905.7581906759,3475461.785581296,4.337100000004284
16,66.0,1,633856.3612887444,3475545.8934542863,0.26810000000114087
14,56.0,1,633856.4762974931,3475536.401418453,0.7841999999945983
14,58.0,1,633875.4387573262,3475451.5544354054,0.5837999999930616
18,58.0,1,633878.8272377999,3475447.747859607,0.8286999999982072
16,91.0,1,633872.2123632843,3475447.9094538293,0.5908999999955995
14,56.0,1,633864.538332222,3475450.601927564,0.38180000000284053
16,86.0,1,633859.4337379031,3475447.2771482063,0.07970000000204891
16,79.0,1,633863.7752063448,3475424.2210054914,-0.3445999999967171
16,88.0,1,633865.777855401,3475424.374841448,-0.4793999999965308
18,59.0,1,633877.1467635822,3475414.664241169,-0.19389999999839347
14,53.0,1,633871.430379732,3475408.2255468722,-0.44329999999899883
16,87.0,1,633865.5863656156,3475408.2424033885,-0.4894999999960419
18,94.0,1,633864.5549660439,3475411.466835963,-1.3224999999947613
16,68.0,1,633866.4277991226,3475416.8405149425,-1.0770999999949709
18,64.0,1,633854.8227708535,3475445.7001249543,-0.7709999999933643
16,79.0,1,633859.152408534,3475447.2939450503,-0.7550000000046566
16,76.0,1,633857.5615796417,3475450.3669522926,-0.7050000000017462
16,67.0,1,633855.4203046523,3475450.5795699502,-0.7274000000033993
16,74.0,1,633869.8073304975,3475455.6356491726,-0.4909999999945285
16,62.0,1,633864.2869136485,3475465.874786002,-0.22719999999389984
18,57.0,1,633850.8937649953,3475428.1058420613,-0.5960000000050059
16,64.0,1,633863.7349845455,3475424.186829496,-0.9671999999991385
14,57.0,1,633882.4842677285,3475422.986145425,-0.49709999999322463
18,93.0,1,633885.460724385,3475431.785428876,-0.825700000001234
18,56.0,1,633881.2488818457,3475433.998385303,-0.8276999999943655
16,53.0,1,633880.5179948465,3475435.5884173554,-0.6958000000013271
16,90.0,1,633870.0125527096,3475437.274831567,-0.7731000000057975
14,60.0,1,633865.3663317561,3475442.310664438,-0.6349000000045635
16,78.0,1,633864.27636863,3475441.5849821637,-0.6922000000049593
16,61.0,1,633873.6606972695,3475426.4012000845,-0.6768000000010943
16,78.0,1,633878.4934244386,3475418.876343174,-0.4943000000057509
16,56.0,1,633880.540401537,3475418.510537522,-0.36019999999552965
14,43.0,1,633872.6480261607,3475472.298701959,0.003599999996367842
14,56.0,1,633873.0351850388,3475472.888982551,0.1569000000017695
16,104.0,1,633844.0676183512,3475505.31293115,0.38039999999455176
16,49.0,1,633888.4608698853,3475410.426226829,-0.8191999999980908
16,67.0,1,633891.9685911777,3475406.8747283863,-1.0289999999949941
18,85.0,1,633913.7242906394,3475395.2451065565,-1.1609000000025844
14,57.0,1,633916.0483250188,3475388.9771555685,-1.1777000000001863
16,57.0,1,633919.2542862804,3475407.8951865737,-2.159799999993993
18,71.0,1,633907.3866509825,3475410.2461706116,0.35869999999704305
16,49.0,1,633906.0359680289,3475411.8085425426,-1.7752999999938766
16,76.0,1,633912.06930359,3475420.7750265584,-1.9703000000008615
16,74.0,1,633899.0828827542,3475415.604386529,-1.279500000004191
14,0.0,1,633888.8984950492,3475421.0121232076,-1.3953000000037719
18,94.0,1,633885.7381555566,3475432.0329386955,-0.9296999999933178
18,105.0,1,633820.7356652871,3475447.429329888,-0.8959999999933643
14,63.0,1,633846.3893023446,3475390.8746162797,-1.631200000003446
14,61.0,1,633864.7737589129,3475407.143032422,-1.1585999999952037
18,78.0,1,633881.1098055098,3475403.5951221166,-1.3473999999987427
18,98.0,1,633896.1459038968,3475403.47767255,-0.5034000000014203
14,65.0,1,633891.2226296827,3475400.600428149,-0.49539999999979045
14,94.0,1,633909.4368563546,3475395.3362017195,-0.6689999999944121
14,41.0,1,633908.8859297556,3475395.6938868593,-0.3350999999966007
14,55.0,1,633902.3446937093,3475395.4455926972,-0.252200000002631
14,55.0,1,633902.409554574,3475394.8834540746,-0.6285999999963678
18,78.0,1,633904.0158155449,3475390.4810287426,-0.9921000000031199
14,60.0,1,633904.437542014,3475386.9869739204,-0.8239000000030501
14,42.0,1,633891.0116958807,3475389.9621640104,-1.14440000000468
14,65.0,1,633889.1087082063,3475391.803157608,-1.1128000000026077
14,87.0,1,633890.3253920152,3475392.4124010974,-0.4330000000045402
14,58.0,1,633890.8986833522,3475391.962518997,-0.7397999999957392
14,91.0,1,633885.5253402118,3475396.525108538,-0.9798000000009779
14,60.0,1,633879.4857136244,3475392.580898661,-1.336699999999837
14,53.0,1,633877.1681497727,3475386.9701314247,-1.609599999996135
20,111.0,1,633873.7694436738,3475388.839653611,-1.615300000004936
14,66.0,1,633875.0702105775,3475393.827502528,-1.2474999999976717
24,287.0,1,633873.0887212296,3475398.5961578963,-1.1875
14,54.0,1,633867.4252466988,3475398.4821280697,-1.094200000006822
16,85.0,1,633863.5198218988,3475401.5198900746,-1.129400000005262
14,54.0,1,633826.7513050075,3475398.40906395,-1.5724000000045635
14,43.0,1,633825.5578242324,3475396.5546738035,-0.10629999999946449
16,76.0,1,633953.2370505289,3475378.219604907,-1.9337999999988824
14,58.0,1,633949.8844200723,3475375.333387242,-1.7360000000044238
16,83.0,1,633950.7907664517,3475372.344419156,-2.0791000000026543
18,64.0,1,633955.2006668975,3475370.703445493,-2.192699999999604
25,0.0,1,633943.9912516631,3475381.236410491,-2.217499999998836
14,59.0,1,633944.2867119821,3475383.9827128584,-2.765400000003865
16,64.0,1,633937.370482684,3475383.480618834,-2.2603999999992084
14,61.0,1,633940.5687995933,3475379.119168286,-1.293600000004517
14,0.0,1,633941.4726445244,3475379.47756217,-2.0877000000036787
14,96.0,1,633935.4037472337,3475378.6177591635,-1.6054000000003725
16,85.0,1,633935.0254926784,3475376.2329298966,-0.5350000000034925
16,99.0,1,633929.4819171822,3475381.992366622,-1.1429000000061933
16,68.0,1,633924.7300019851,3475383.6336410167,-1.5442000000039116
14,87.0,1,633922.2919884999,3475383.224392632,-1.1396999999997206
14,61.0,1,633916.6062556914,3475388.9395088633,-0.6468000000022585
18,89.0,1,633912.0031914798,3475389.797359173,-0.9652999999962049
16,101.0,1,633904.2385656514,3475390.676242976,-0.963900000002468
16,70.0,1,633904.5035377396,3475387.6762530142,-1.4011000000027707
18,107.0,1,633897.9225434221,3475392.9373835213,-0.8470999999990454
26,57.0,1,633901.6974965062,3475388.6568413135,-1.5503000000026077
18,56.0,1,633902.2461063981,3475379.6199652283,-1.586699999999837
16,74.0,1,633880.3988787284,3475379.596428486,-1.6563000000023749
14,75.0,1,633876.4125737892,3475375.537670754,-1.6916000000055647
16,76.0,1,633874.1743204101,3475378.024982634,-1.5982999999978347
16,78.0,1,633872.4290365053,3475378.4375822768,-2.0106999999989057
16,112.0,1,633864.9160373413,3475375.303274166,-2.0498999999981606
16,56.0,1,633860.1839865604,3475383.056839691,-1.2835000000050059
16,54.0,1,633860.2077473142,3475384.209435082,-0.7863999999972293
14,58.0,1,633861.9208537872,3475386.242107137,-1.0522999999957392
16,105.0,1,633859.2111618796,3475388.4570686175,-1.0461000000068452
16,117.0,1,633850.437903616,3475382.120150679,-1.4382999999943422
14,62.0,1,633843.3126473451,3475378.690342408,-1.5062999999936437
16,56.0,1,633840.3605984116,3475376.418418912,-1.566500000000815
14,68.0,1,633838.0079576434,3475377.033031667,-1.1224999999976717
16,60.0,1,633866.2080435702,3475371.979740715,-1.6524000000063097
14,52.0,1,633865.6116164307,3475371.088245994,-1.47269999999844
16,98.0,1,633868.9123662999,3475372.291574683,-1.1212999999988824
16,95.0,1,633872.0594312007,3475370.675361446,-0.7483000000065658
14,34.0,1,633877.7331038698,3475376.8424581117,-1.4354000000021188
16,91.0,1,633880.4185108931,3475367.355487034,-1.2403999999951338
16,66.0,1,633877.1522792702,3475366.1447761315,-1.4952000000048429
14,0.0,1,633876.6501636128,3475367.473137023,-1.810299999997369
14,90.0,1,633897.3758591528,3475368.5430402444,-1.951199999995879
14,57.0,1,633898.0084889627,3475367.7954741432,-1.5733999999938533
16,105.0,1,633902.098018613,3475373.164262956,-1.7744999999995343
14,47.0,1,633902.8636900103,3475374.8600107986,-1.8304999999963911
18,68.0,1,633910.0447862406,3475372.5909128105,-1.8441000000020722
14,54.0,1,633912.4052983637,3475373.2090364047,-1.1005000000004657
16,71.0,1,633906.0486497285,3475367.85344013,-1.740799999999581
16,70.0,1,633916.7297317602,3475381.470153554,-1.6545999999943888
14,54.0,1,633920.2532147953,3475381.489549427,-1.7198000000062166
18,105.0,1,633923.5134738317,3475375.4868110367,-1.6533999999955995
16,73.0,1,633970.2749163795,3475364.748958465,-2.482300000003306
16,69.0,1,633977.9810203374,3475369.9029309615,-3.1309000000037486
16,0.0,1,633977.8719588086,3475371.240661412,-3.205600000001141
14,75.0,1,634066.9214090791,3475352.7429080447,-3.55800000000454
16,0.0,1,633978.2863464677,3475353.1827684436,-3.1416000000026543
14,86.0,1,633964.3499102955,3475356.4151799567,-2.9928000000072643
14,0.0,1,633943.774708095,3475355.7578050545,-2.3031000000046333
16,0.0,1,633941.6432585723,3475357.6480593993,-2.612200000003213
18,56.0,1,633944.8396100232,3475351.88114105,-2.8353000000061
16,70.0,1,633939.7768090111,3475353.4378472427,-2.89429999999993
16,101.0,1,633937.2302775906,3475356.723200048,-2.838399999993271
14,76.0,1,633940.7287295784,3475362.575239635,-1.4306000000069616
16,0.0,1,633943.0370342114,3475362.2216330385,-1.8934000000008382
16,83.0,1,633935.2054274834,3475370.9776670565,-2.4429999999993015
16,68.0,1,633932.7527821233,3475368.8905352745,-1.9670999999943888
16,86.0,1,633933.5711621714,3475366.946392106,-1.8374000000039814
16,70.0,1,633931.0742933641,3475365.3505175454,-2.178799999994226
27,94.0,1,633930.0861682093,3475369.962072592,-1.454700000002049
14,87.0,0,633927.704512076,3475371.3737868564,-2.0191000000049826
16,0.0,1,633909.6335443121,3475366.8136385703,-2.478000000002794
16,74.0,1,633906.6210350473,3475365.9477941785,-2.1736999999993714
16,0.0,1,633905.441568536,3475367.3203464006,-1.8242000000027474
14,75.0,1,633900.9020573399,3475375.2842842583,-1.4809999999997672
16,0.0,1,633899.6257225114,3475370.6970121777,-1.2465999999985797
14,89.0,1,633900.0906759775,3475361.4290320855,-2.13640000000305
16,68.0,1,633899.6411566039,3475357.3720532237,-2.1748999999981606
14,70.0,1,633895.408782257,3475353.137826833,-2.3693999999959487
16,89.0,1,633875.5256680731,3475348.878204876,-2.085000000006403
16,0.0,1,633873.349678964,3475352.4525687676,-1.9597000000067055
16,0.0,0,633875.3279503363,3475357.9845442898,-1.8163000000058673
16,0.0,1,633877.5981509581,3475358.318105316,-1.7189000000071246
16,57.0,1,633877.1858049305,3475361.293945308,-1.5764999999955762
16,92.0,1,633875.7745389976,3475362.997846518,-1.595100000005914
16,60.0,1,633879.7357870468,3475363.5653220396,-1.8987000000051921
16,0.0,1,633863.8921701739,3475352.2185387434,-2.227599999998347
16,48.0,1,633853.5123852044,3475347.942818364,-2.519899999999325
14,50.0,1,633855.8600201348,3475345.365433087,-2.457299999994575
14,63.0,1,633895.6651722221,3475343.627026763,-2.0126000000018394
16,0.0,1,633910.3439252349,3475349.9720970667,-2.375400000004447
16,0.0,1,633918.9396737897,3475347.6701239543,-1.6125999999931082
16,88.0,1,633922.6338161433,3475349.9908572403,-1.8652000000001863
18,84.0,1,633924.9990160263,3475354.6561872186,-2.1471000000019558
14,85.0,1,633924.1791714488,3475355.9414598234,-1.793600000004517
16,89.0,1,633919.7071411782,3475361.9841878135,-2.4438999999983935
14,60.0,1,633872.9151224345,3475392.763633216,-0.9798000000009779
16,49.0,1,633849.8721682149,3475333.8941366947,-2.080100000006496
16,0.0,1,633888.5625353458,3475331.5830382626,-2.054099999993923
16,0.0,1,633908.1335367237,3475342.043886237,-2.216899999999441
14,66.0,1,633913.3244016947,3475339.685698801,-2.1374999999970896
16,0.0,1,633912.2418919399,3475336.657802735,-1.407999999995809
16,0.0,1,633916.7096351911,3475332.4232649566,-0.8519999999989523
14,73.0,1,633927.0867975417,3475347.9546478833,-2.3276000000041677
14,55.0,1,633926.4794025776,3475348.4725201684,-2.7010000000009313
16,79.0,1,633925.7813721285,3475343.8982539787,-2.330199999996694
16,0.0,1,633927.4062878038,3475341.0942692235,-1.8675999999977648
14,65.0,1,633933.1051277266,3475348.7491124063,-2.281199999997625
14,62.0,1,633936.5647086137,3475339.7654892313,-2.7792999999946915
16,46.0,1,633954.2594155493,3475340.655555791,-2.450700000001234
18,64.0,1,633952.6575035711,3475335.346494943,-1.5718000000051688
14,85.0,1,633952.397070872,3475334.759018115,-2.5185999999957858
14,61.0,1,633963.9560277686,3475338.110849022,-2.8693999999959487
16,0.0,1,633970.6250637284,3475342.4657692565,-2.4887000000016997
14,44.0,1,633968.829309227,3475346.648085593,-2.5939000000071246
16,0.0,1,633966.9342969806,3475328.074331017,-2.6114999999990687
16,67.0,1,633968.4908585163,3475326.7454601373,-2.597200000003795
16,0.0,1,633972.6562047956,3475325.6922900514,-2.710900000005495
16,60.0,1,633957.4200420678,3475321.1630287296,-2.6719000000011874
16,70.0,1,633951.111253412,3475324.0684843133,-2.6111999999993714
16,56.0,1,633925.7594484247,3475328.618312147,-2.505699999994249
16,0.0,1,633912.5502926352,3475333.328628351,-2.467399999994086
16,50.0,1,633875.9331598036,3475328.810812312,-2.3329999999987194
14,59.0,1,633846.6316603882,3475315.4137505083,-1.8559999999997672
14,65.0,1,633853.4380598965,3475319.24580856,-2.258799999995972
16,0.0,1,633864.7127317253,3475319.487208513,-2.311700000005658
14,48.0,1,633869.7060141916,3475317.882988632,-2.565600000001723
14,69.0,1,633891.7598773419,3475325.777002169,-2.7431000000069616
16,63.0,1,633888.7171052003,3475312.6170689724,-2.3110000000015134
14,56.0,1,633887.3494070356,3475315.1268522157,-2.111799999998766
18,0.0,1,633900.8180876223,3475323.9630686897,-3.1027000000030966
16,64.0,1,633910.6709457859,3475323.8439102513,-3.240399999995134
16,0.0,1,633944.1210317982,3475321.405345223,-3.401899999997113
16,71.0,1,633951.1681818956,3475323.7189173833,-3.283899999994901
14,65.0,1,633951.6456549302,3475297.7962563857,-3.1855999999970663
16,66.0,1,633936.8608931839,3475293.346754416,-3.032600000005914
16,78.0,1,633941.6748352584,3475288.8552605524,-2.981599999999162
14,64.0,1,633944.5511548553,3475288.725263574,-3.076499999995576
14,57.0,1,633945.743353886,3475287.759947768,-2.0636999999987893
16,72.0,1,633933.0950474675,3475313.5564006334,-3.2541999999957625
16,100.0,1,633912.1673886989,3475314.4735019426,-2.9817000000039116
16,110.0,1,633923.0041118033,3475278.419608173,-2.8007000000070548
16,0.0,1,633918.9026101921,3475268.5365148773,-2.5948999999964144
14,54.0,1,633908.1364899748,3475284.920715245,-2.6490000000048894
16,93.0,1,633904.7141307327,3475280.7531084614,-2.305399999997462
16,60.0,1,633921.6683651761,3475308.4252271526,-2.6239000000059605
16,89.0,1,633895.2019856833,3475306.987190885,-2.5791000000026543
16,0.0,1,633882.6596167539,3475308.2163043413,-2.5455999999976484
14,76.0,1,633883.329525347,3475304.318917029,-2.343399999997928
16,83.0,1,633880.715586402,3475300.4776385003,-2.269000000000233
16,52.0,1,633879.3564475733,3475299.565401057,-2.2709999999933643
14,83.0,1,633879.6054612806,3475289.3755392767,-1.9006999999983236
16,0.0,1,633876.5520493455,3475295.968445876,-2.094599999996717
18,96.0,1,633873.7903641583,3475301.113320526,-2.2519999999931315
16,0.0,1,633870.0203676118,3475306.6993628,-2.437000000005355
14,47.0,1,633871.906598547,3475308.808050906,-2.4235999999946216
14,56.0,1,633851.9533510492,3475306.76239904,-1.6220999999932246
16,0.0,1,633856.945444306,3475303.724071303,-1.8735000000015134
16,111.0,1,633857.9785123881,3475299.5628933404,-1.7329000000027008
16,0.0,1,633853.742707336,3475286.503009238,-1.625
16,68.0,1,633864.8028020024,3475285.853632524,-1.6462999999930616
14,59.0,1,633871.6116850239,3475286.8055003965,-1.6797999999980675
16,68.0,1,633875.8252907328,3475280.711626421,-1.526400000002468
16,63.0,1,633879.8214467247,3475283.077537594,-1.6638999999995576
14,44.0,1,633880.4387047095,3475283.063429085,-1.7256999999954132
14,61.0,1,633886.0776785723,3475278.447065421,-1.6203999999997905
16,109.0,1,633892.5859085695,3475276.31007623,-1.6392999999952735
16,70.0,1,633888.9482953354,3475271.1878481433,-1.361399999994319
16,0.0,1,633885.65392837,3475269.6105710017,-1.2048000000067987
16,0.0,1,633886.8379295369,3475267.911309017,-1.0507999999972526
28,59.0,1,633908.7085339746,3475265.755321551,-1.2753999999986263
16,92.0,1,633910.6957139164,3475264.7054921784,-1.3738000000012107
18,66.0,1,633913.7891316342,3475258.8926522797,-1.7786999999952968
25,84.0,1,633941.9292269052,3475284.6022452204,-2.293600000004517
16,0.0,1,633928.0370385712,3475444.3800008157,-1.4140000000043074
16,58.0,1,633927.0393433126,3475442.50703443,-1.3420999999943888
16,0.0,1,633912.059902617,3475460.7114979737,-0.8929000000061933
16,0.0,1,633904.0279184387,3475484.81966665,-0.4187999999994645
14,54.0,1,633869.1115551007,3475549.31682612,-0.7321999999985565
16,67.0,1,633855.9752680261,3475276.7648316394,-1.4676999999937834
16,123.0,1,633846.8597007564,3475271.5495934314,-1.333199999993667
16,95.0,1,633848.3496690908,3475270.2507012747,-1.4596000000019558
14,57.0,1,633850.1931641203,3475259.8433941007,-1.7583000000013271
14,60.0,1,633861.4006950133,3475257.122073231,-1.7557999999989988
16,93.0,1,633864.7581562218,3475253.0538067776,-1.799799999993411
16,83.0,1,633863.139505634,3475265.012418199,-1.6419000000023516
16,72.0,1,633869.8337708804,3475268.3914451986,-1.4792000000015832
14,56.0,1,633879.0458797911,3475266.5298947096,-1.116200000004028
25,70.0,1,633877.587600424,3475273.3498924887,-1.2436000000016065
14,59.0,1,633883.1485327537,3475263.0367953847,-1.098599999997532
14,56.0,1,633879.0388761504,3475260.9818969867,-1.2461999999941327
14,73.0,1,633889.3988281131,3475254.3233597004,-1.826100000005681
16,80.0,1,633893.4064296823,3475259.3702627807,-1.323099999994156
14,54.0,1,633893.5390348872,3475262.3480969807,-1.097299999993993
14,60.0,1,633908.7861975043,3475266.307392788,-1.5350000000034925
16,83.0,1,633910.8102104999,3475264.9762496063,-1.6401999999943655
15,55.0,1,633905.0069834444,3475263.07678793,-1.1864999999961583
16,98.0,1,633897.7133753207,3475257.6538881194,-1.301000000006752
14,56.0,1,633910.9561060369,3475258.4031990785,-1.4977000000071712
18,67.0,1,633913.8238930636,3475259.266347268,-1.8041999999986729
18,124.0,1,633898.1356818094,3475237.286362882,-2.5375000000058208
16,55.0,1,633896.2295135724,3475234.346236528,-2.5549000000028173
18,81.0,1,633895.849459704,3475240.4415574186,-2.4364999999961583
16,67.0,1,633889.637325183,3475244.048230713,-2.408500000005006
16,0.0,1,633876.8055030489,3475248.0093192183,-2.5222999999969034
16,87.0,1,633876.5183710199,3475242.350449117,-2.6846999999979744
14,49.0,1,633874.632757305,3475232.4905429953,-2.8113000000012107
16,0.0,1,633880.0733738611,3475231.3309156583,-2.7590999999956694
16,0.0,1,633881.0533648155,3475229.9672623384,-2.771500000002561
14,72.0,1,633882.3335947427,3475225.757540746,-2.6481999999959953
16,0.0,1,633884.2111101253,3475227.7674457203,-2.7868000000016764
16,0.0,1,633880.1231801371,3475220.461212319,-2.9354000000021188
14,52.0,1,633866.1826048335,3475214.1560900537,-3.21469999999681
14,70.0,1,633865.5256339981,3475215.1496131686,-3.276400000002468
16,0.0,1,633864.6330567796,3475211.542695595,-3.3513999999995576
16,0.0,1,633857.5786133287,3475215.75378079,-3.2004000000015367
14,43.0,1,633856.3640520752,3475214.917004698,-3.188399999999092
14,59.0,1,633854.9904872981,3475214.603174765,-3.1055000000051223
16,0.0,1,633851.3144560596,3475220.8546073795,-2.88289999999688
16,0.0,1,633857.8275697499,3475224.567592938,-2.9409000000014203
16,89.0,1,633863.1011151616,3475221.4264223757,-2.8766000000032363
14,53.0,1,633863.1448922997,3475219.5224773446,-2.9375
16,99.0,1,633864.8593724194,3475222.930640667,-2.752200000002631
16,45.0,1,633869.1768613248,3475224.573214522,-2.6649000000033993
16,48.0,1,633869.538438417,3475225.2608496784,-2.726299999994808
16,0.0,1,633859.4061310294,3475236.000044212,-2.8706999999994878
16,0.0,1,633858.7435838047,3475238.162716805,-2.9553000000014435
